{
  "IcoMoonType": "selection",
  "icons": [
    {
      "icon": {
        "paths": [
          "M726 554v-84h-172v-172h-84v172h-172v84h172v172h84v-172h172zM512 86c236 0 426 190 426 426s-190 426-426 426-426-190-426-426 190-426 426-426z"
        ],
        "attrs": [],
        "isMulticolor": false,
        "isMulticolor2": false,
        "tags": [
          "add_circle"
        ],
        "defaultCode": 57671,
        "grid": 24
      },
      "attrs": [],
      "properties": {
        "order": 31,
        "ligatures": "add_circle",
        "id": 17,
        "prevSize": 24,
        "code": 57671,
        "name": "add_circle"
      },
      "setIdx": 0,
      "setId": 11,
      "iconIdx": 17
    },
    {
      "icon": {
        "paths": [
          "M658 316l-196 196 196 196-60 60-256-256 256-256z"
        ],
        "attrs": [],
        "isMulticolor": false,
        "isMulticolor2": false,
        "tags": [
          "navigate_before"
        ],
        "defaultCode": 58376,
        "grid": 24
      },
      "attrs": [],
      "properties": {
        "order": 32,
        "ligatures": "chevron_left, navigate_before",
        "id": 152,
        "prevSize": 24,
        "code": 58376,
        "name": "navigate_before"
      },
      "setIdx": 0,
      "setId": 11,
      "iconIdx": 152
    },
    {
      "icon": {
        "paths": [
          "M426 256l256 256-256 256-60-60 196-196-196-196z"
        ],
        "attrs": [],
        "isMulticolor": false,
        "isMulticolor2": false,
        "tags": [
          "navigate_next"
        ],
        "defaultCode": 58377,
        "grid": 24
      },
      "attrs": [],
      "properties": {
        "order": 33,
        "ligatures": "chevron_right, navigate_next",
        "id": 153,
        "prevSize": 24,
        "code": 58377,
        "name": "navigate_next"
      },
      "setIdx": 0,
      "setId": 11,
      "iconIdx": 153
    },
    {
      "icon": {
        "paths": [
          "M810 854v-684h-84v128h-428v-128h-84v684h596zM512 86c-24 0-42 18-42 42s18 42 42 42 42-18 42-42-18-42-42-42zM810 86c46 0 86 38 86 84v684c0 46-40 84-86 84h-596c-46 0-86-38-86-84v-684c0-46 40-84 86-84h178c18-50 64-86 120-86s102 36 120 86h178z"
        ],
        "attrs": [],
        "isMulticolor": false,
        "isMulticolor2": false,
        "tags": [
          "content_paste"
        ],
        "defaultCode": 57679,
        "grid": 24
      },
      "attrs": [],
      "properties": {
        "order": 24,
        "ligatures": "content_paste",
        "id": 181,
        "prevSize": 24,
        "code": 57679,
        "name": "content_paste"
      },
      "setIdx": 0,
      "setId": 11,
      "iconIdx": 181
    },
    {
      "icon": {
        "paths": [
          "M170 214v426h684v-426h-684zM854 768h170v86h-1024v-86h170v-42c-46 0-84-40-84-86v-426c0-46 38-86 84-86h684c46 0 84 40 84 86v426c0 46-38 86-84 86v42z"
        ],
        "attrs": [],
        "isMulticolor": false,
        "isMulticolor2": false,
        "tags": [
          "laptop_windows"
        ],
        "defaultCode": 58145,
        "grid": 24
      },
      "attrs": [],
      "properties": {
        "order": 25,
        "ligatures": "laptop_windows",
        "id": 427,
        "prevSize": 24,
        "code": 58145,
        "name": "laptop_windows"
      },
      "setIdx": 0,
      "setId": 11,
      "iconIdx": 427
    },
    {
      "icon": {
        "paths": [
          "M919.936 226.901l-122.837-122.837c-12.501-12.501-28.885-18.731-45.269-18.731-16.427 0-32.768 6.229-45.269 18.731l-151.893 151.936h-384c-23.552 0-42.667 19.072-42.667 42.667v554.667c0 23.595 19.115 42.667 42.667 42.667h554.667c23.552 0 42.667-19.072 42.667-42.667v-384l151.936-151.936c12.501-12.501 18.731-28.885 18.731-45.269s-6.229-32.725-18.731-45.227zM490.667 626.005l-92.672-92.672 268.501-268.501 92.672 92.672-268.501 268.501zM381.397 568.875l74.923 73.728-72.32-2.603-2.603-71.125zM682.667 810.667h-469.333v-469.333h256l-135.68 135.68c-12.501 12.501-20.395 34.645-26.837 54.997-6.827 21.333-8.149 45.056-8.149 62.72v130.603h130.603c17.664 0 47.275-4.267 67.029-12.373 19.797-8.107 38.229-14.805 50.688-27.307l135.68-130.987v256zM789.333 327.339l-92.672-92.672 55.168-55.168 92.629 92.672-55.125 55.168z"
        ],
        "attrs": [],
        "isMulticolor": false,
        "isMulticolor2": false,
        "tags": [
          "edit"
        ],
        "grid": 24
      },
      "attrs": [],
      "properties": {
        "id": 203,
        "order": 26,
        "prevSize": 24,
        "code": 59648,
        "name": "edit"
      },
      "setIdx": 1,
      "setId": 10,
      "iconIdx": 202
    },
    {
      "icon": {
        "paths": [
          "M938.197 684.757c0.384-13.44 0.469-28.032 0.469-44.757v-384c0-70.571-57.429-128-128-128h-597.333c-70.571 0-128 57.429-128 128v384c0 16.427 0.085 31.147 0.512 44.757-48.853 9.728-85.845 52.907-85.845 104.576 0 58.795 47.872 106.667 106.667 106.667h810.667c58.795 0 106.667-47.872 106.667-106.667 0-51.669-36.949-94.805-85.803-104.576zM170.667 256c0-23.509 19.157-42.667 42.667-42.667h597.333c23.509 0 42.667 19.157 42.667 42.667v384c0 16.555-0.213 30.976-0.597 42.667h-42.069v-384c0-23.467-19.2-42.667-42.667-42.667h-512c-23.467 0-42.667 19.2-42.667 42.667v384h-41.813c-0.512-11.264-0.853-25.557-0.853-42.667v-384zM768 682.667h-512v-384h512v384zM917.333 810.667h-810.667c-11.563 0-21.333-9.771-21.333-21.333s9.771-21.333 21.333-21.333h27.264 783.403c11.563 0 21.333 9.771 21.333 21.333s-9.771 21.333-21.333 21.333z"
        ],
        "attrs": [],
        "isMulticolor": false,
        "isMulticolor2": false,
        "tags": [
          "device-laptop"
        ],
        "grid": 24
      },
      "attrs": [],
      "properties": {
        "id": 248,
        "order": 21,
        "prevSize": 24,
        "code": 59649,
        "name": "device-laptop"
      },
      "setIdx": 1,
      "setId": 10,
      "iconIdx": 247
    },
    {
      "icon": {
        "paths": [
          "M768 298.667c0-70.571-57.429-128-128-128h-256c-70.571 0-128 57.429-128 128-70.571 0-128 57.429-128 128v298.667c0 70.571 57.429 128 128 128h512c70.571 0 128-57.429 128-128v-298.667c0-70.571-57.429-128-128-128zM384 256h256c23.509 0 42.667 19.157 42.667 42.667h-341.333c0-23.509 19.157-42.667 42.667-42.667zM810.667 725.333c0 23.509-19.157 42.667-42.667 42.667h-512c-23.509 0-42.667-19.157-42.667-42.667v-42.667h597.333v42.667zM213.333 640v-213.333c0-23.509 19.157-42.667 42.667-42.667h512c23.509 0 42.667 19.157 42.667 42.667v213.333h-597.333z",
          "M554.667 512h-85.333c-23.467 0-42.667 19.2-42.667 42.667s19.2 42.667 42.667 42.667h85.333c23.467 0 42.667-19.2 42.667-42.667s-19.2-42.667-42.667-42.667z"
        ],
        "attrs": [],
        "isMulticolor": false,
        "isMulticolor2": false,
        "tags": [
          "briefcase"
        ],
        "grid": 24
      },
      "attrs": [],
      "properties": {
        "id": 250,
        "order": 22,
        "prevSize": 24,
        "code": 59650,
        "name": "briefcase"
      },
      "setIdx": 1,
      "setId": 10,
      "iconIdx": 249
    },
    {
      "icon": {
        "paths": [
          "M960 192h-256v-128c0-35.376-28.656-64-64-64h-256c-35.344 0-64 28.624-64 64v128h-256c-35.344 0-64 28.624-64 64v704c0 35.376 28.656 64 64 64h896c35.344 0 64-28.624 64-64v-704c0-35.376-28.656-64-64-64zM448 128h128v64h-128v-64zM896 896h-768v-256h256v64h256v-64h256v256zM896 576h-256v-64h-256v64h-256v-256h768v256z"
        ],
        "attrs": [],
        "isMulticolor": false,
        "isMulticolor2": false,
        "tags": [
          "portfolio",
          "briefcase",
          "suitcase",
          "work",
          "business"
        ],
        "grid": 16
      },
      "attrs": [],
      "properties": {
        "id": 55,
        "order": 13,
        "prevSize": 16,
        "code": 59651,
        "name": "portfolio"
      },
      "setIdx": 2,
      "setId": 9,
      "iconIdx": 54
    },
    {
      "icon": {
        "paths": [
          "M1024 384c0 283.938-512 640-512 640s-512-356.062-512-640c-0.562-28.312 2.376-60.062 0-96-10.562-158.688 128.938-288 288-288 91.062 0 171.25 62.062 224 128 52.75-65.938 132.938-128 224-128 159.062 0 298.562 129.312 288 288-2.376 35.938 0.562 67.688 0 96zM896 288c7.938-88-71.624-160-160-160-165.812 0-160 128-160 128 0 35.376-28.624 64-64 64s-64-28.624-64-64c0 0 5.812-128-160-128-88.376 0-167.938 72-160 160 3.25 36.124-2.062 69.25 0.876 96-0.062 0-0.75 0-0.876 0 4-0.938-22 188.562 383.25 478.438 0.312-0.188 0.5-0.376 0.75-0.562 0.25 0.188 0.438 0.376 0.75 0.562 405.25-289.876 379.25-479.376 383.25-478.438-0.124 0-0.812 0-0.876 0 2.938-26.75-2.374-59.876 0.876-96z"
        ],
        "attrs": [],
        "isMulticolor": false,
        "isMulticolor2": false,
        "tags": [
          "heart",
          "love",
          "like",
          "favorite"
        ],
        "grid": 16
      },
      "attrs": [],
      "properties": {
        "id": 58,
        "order": 23,
        "prevSize": 16,
        "code": 59652,
        "name": "heart"
      },
      "setIdx": 2,
      "setId": 9,
      "iconIdx": 57
    },
    {
      "icon": {
        "paths": [
          "M892.416 512.32c40.064-44.448 68.768-88.224 85.504-130.272 19.328-48.8 18.624-91.168-2.048-125.888-20.768-34.784-58.816-56.576-112.992-64.736-46.496-7.040-100.448-5.216-160.928 5.44-20.032-55.52-45.216-101.216-74.912-135.968-34.592-40.448-73.408-60.928-115.264-60.928-41.984 0-80.768 20.608-115.328 61.28-29.728 34.944-54.688 80.672-74.336 136.064-60.512-11.008-114.432-12.928-160.928-5.92-54.176 8.192-92.192 29.984-113.024 64.8-20.672 34.72-21.376 77.056-2.048 125.856 16.64 41.952 45.504 85.696 85.92 130.208-40.384 44.608-69.152 88.288-85.6 130.048-19.2 48.64-18.368 90.88 2.368 125.504 20.704 34.784 58.624 56.672 112.608 65.024 46.336 7.232 100.256 5.376 160.736-5.6 19.968 55.328 44.992 100.992 74.56 135.84 34.368 40.48 73.056 60.96 115.072 60.96 41.888 0 80.672-20.512 115.264-60.928 29.664-34.72 54.816-80.512 74.848-136.256 60.48 11.52 114.24 13.728 160.448 6.528 53.728-8.352 91.712-30.144 112.992-65.024 20.704-34.72 21.408-77.056 2.016-125.888-16.64-41.824-45.152-85.568-84.928-130.144zM443.008 921.728c-21.6-27.552-40.224-64.416-55.456-109.6 41.984-11.424 83.84-25.952 124.704-43.328 41.024 17.6 82.816 32.128 124.672 43.328-15.488 45.088-34.336 81.888-56.16 109.504-44.576 56.544-93.504 56.544-137.76 0.096zM580.736 102.56c21.792 27.808 40.672 64.704 56.16 109.824-39.008 10.528-80.768 24.896-124.64 42.944-42.592-17.344-84.608-32-125.216-43.584 15.488-44.672 34.272-81.376 55.968-109.184 44.32-56.8 93.152-56.8 137.728 0zM751.52 473.728c17.056 13.376 32.64 26.336 46.56 38.784-9.472 8.736-19.36 17.408-29.568 25.792-5.6 4.576-11.264 9.184-16.992 13.856 0.544-14.080 0.768-27.584 0.768-40.384 0.032-11.68-0.224-24.416-0.768-38.048zM744.608 384.608c-5.024-43.936-12.992-86.080-23.712-125.664 48.576-9.568 91.36-12.384 127.328-8.32 36.704 4.128 61.312 16.128 73.056 35.456 12 20.128 10.688 45.856-4.064 78.624-14.24 31.808-38.208 65.792-71.36 101.184-31.328-28.672-65.248-55.936-101.248-81.28zM512.288 695.552c-28.832-12.8-57.504-27.264-85.216-42.944-31.616-18.112-58.656-34.688-80.512-49.28-2.4-26.656-3.616-57.44-3.616-91.584 0-34.112 1.216-64.672 3.584-91.008 23.68-15.456 51.072-32.064 81.28-49.152 27.2-14.784 55.552-29.024 84.448-42.4 28.8 13.504 57.184 27.712 84.128 42.144 28.352 16.288 55.744 32.736 81.632 49.088 2.4 26.88 3.584 57.536 3.584 91.328 0 34.144-1.184 65.088-3.584 92.064-24 15.744-51.168 32.128-81.024 48.832-26.784 15.36-55.2 29.792-84.704 42.912zM631.552 313.536c-10.624-5.984-22.464-12.32-35.392-19.040 20.48-7.456 40.256-14.016 59.104-19.584 4.64 19.456 8.64 39.2 11.936 59.008-11.392-6.816-23.296-13.632-35.648-20.384zM369.184 275.072c19.2 5.824 38.656 12.352 58.272 19.52-12.16 6.144-23.808 12.48-34.88 18.848-12.384 6.816-24.288 13.6-35.584 20.384 3.456-20 7.52-39.68 12.192-58.752zM273.056 551.648c-17.216-13.216-32.96-26.368-47.168-39.328 14.464-13.024 30.144-25.984 46.976-38.784-0.416 12.48-0.608 25.152-0.608 38.176 0.032 13.792 0.288 27.136 0.8 39.936zM303.296 257.984c-10.72 40.768-18.56 82.912-23.328 125.568-37.12 26.432-71.264 54.048-101.792 82.272-33.152-35.328-57.216-69.312-71.68-101.216-14.816-32.672-16.064-58.304-3.744-78.4 12-19.744 35.904-31.456 73.12-35.84 11.264-1.312 23.296-1.984 35.744-1.984 27.488 0 58.272 3.232 91.68 9.6zM106.816 659.808c14.304-31.904 38.112-65.856 70.848-101.056 30.848 28.576 65.152 56.352 102.272 82.752 4.768 42.56 12.608 84.192 23.296 124.096-48.512 9.536-91.264 12.352-127.168 8.352-36.928-4.192-60.736-15.968-72.864-36.288-12.256-19.68-11.072-45.12 3.616-77.856zM391.52 710.24c11.136 6.624 23.232 13.216 36.192 19.808-20.256 7.456-39.936 13.92-58.848 19.296-4.64-19.392-8.544-38.88-11.712-58.272 11.456 6.816 22.976 13.248 34.368 19.168zM655.296 749.408c-19.072-5.376-38.784-11.808-59.040-19.296 11.52-5.92 23.68-12.448 36.352-19.584 11.776-6.528 23.328-13.088 34.464-19.584-3.552 20.864-7.488 40.384-11.776 58.464zM720.64 765.696c10.464-40.032 18.304-81.824 23.36-124.672 36.928-26.208 71.072-53.824 101.76-82.208 32.768 35.584 56.608 69.728 70.912 101.536 14.688 32.768 16 58.272 4.064 78.016-11.808 19.52-36.32 31.552-72.832 35.84-10.72 1.248-22.176 1.92-34.048 1.92-27.872-0.032-59.136-3.52-93.216-10.432z"
        ],
        "attrs": [],
        "isMulticolor": false,
        "isMulticolor2": false,
        "tags": [
          "atom"
        ],
        "grid": 16
      },
      "attrs": [],
      "properties": {
        "id": 104,
        "order": 10,
        "prevSize": 16,
        "code": 59653,
        "name": "atom"
      },
      "setIdx": 6,
      "setId": 5,
      "iconIdx": 103
    },
    {
      "icon": {
        "paths": [
          "M992.262 871.396l-242.552-206.294c-25.074-22.566-51.89-32.926-73.552-31.926 57.256-67.068 91.842-154.078 91.842-249.176 0-212.078-171.922-384-384-384-212.076 0-384 171.922-384 384s171.922 384 384 384c95.098 0 182.108-34.586 249.176-91.844-1 21.662 9.36 48.478 31.926 73.552l206.294 242.552c35.322 39.246 93.022 42.554 128.22 7.356s31.892-92.898-7.354-128.22zM384 640c-141.384 0-256-114.616-256-256s114.616-256 256-256 256 114.616 256 256-114.614 256-256 256z"
        ],
        "tags": [
          "search",
          "magnifier",
          "magnifying-glass",
          "inspect",
          "find"
        ],
        "defaultCode": 59782,
        "grid": 16,
        "attrs": []
      },
      "attrs": [],
      "properties": {
        "ligatures": "search, magnifier",
        "name": "search",
        "order": 2,
        "id": 135,
        "prevSize": 16,
        "code": 59782
      },
      "setIdx": 10,
      "setId": 1,
      "iconIdx": 134
    },
    {
      "icon": {
        "paths": [
          "M896 448h16c26.4 0 48-21.6 48-48v-160c0-26.4-21.6-48-48-48h-16v-192h-128v192h-16c-26.4 0-48 21.6-48 48v160c0 26.4 21.6 48 48 48h16v576h128v-576zM768 256h128v128h-128v-128zM592 832c26.4 0 48-21.6 48-48v-160c0-26.4-21.6-48-48-48h-16v-576h-128v576h-16c-26.4 0-48 21.6-48 48v160c0 26.4 21.6 48 48 48h16v192h128v-192h16zM448 640h128v128h-128v-128zM272 448c26.4 0 48-21.6 48-48v-160c0-26.4-21.6-48-48-48h-16v-192h-128v192h-16c-26.4 0-48 21.6-48 48v160c0 26.4 21.6 48 48 48h16v576h128v-576h16zM128 256h128v128h-128v-128z"
        ],
        "tags": [
          "equalizer",
          "sliders",
          "settings",
          "preferences",
          "dashboard",
          "control"
        ],
        "defaultCode": 59795,
        "grid": 16,
        "attrs": []
      },
      "attrs": [],
      "properties": {
        "ligatures": "equalizer2, sliders2",
        "name": "equalizer2",
        "order": 7,
        "id": 148,
        "prevSize": 16,
        "code": 59795
      },
      "setIdx": 10,
      "setId": 1,
      "iconIdx": 147
    },
    {
      "icon": {
        "paths": [
          "M64 192h896v192h-896zM64 448h896v192h-896zM64 704h896v192h-896z"
        ],
        "tags": [
          "menu",
          "list",
          "options",
          "lines",
          "hamburger"
        ],
        "defaultCode": 59837,
        "grid": 16,
        "attrs": []
      },
      "attrs": [],
      "properties": {
        "ligatures": "menu, list3",
        "name": "menu",
        "order": 6,
        "id": 190,
        "prevSize": 16,
        "code": 59837
      },
      "setIdx": 10,
      "setId": 1,
      "iconIdx": 189
    },
    {
      "icon": {
        "paths": [
          "M608 192h160v-192h-160c-123.514 0-224 100.486-224 224v96h-128v192h128v512h192v-512h160l32-192h-192v-96c0-17.346 14.654-32 32-32z"
        ],
        "tags": [
          "facebook",
          "brand",
          "social"
        ],
        "defaultCode": 60048,
        "grid": 16,
        "attrs": []
      },
      "attrs": [],
      "properties": {
        "ligatures": "facebook, brand10",
        "name": "facebook",
        "order": 4,
        "id": 401,
        "prevSize": 16,
        "code": 60048
      },
      "setIdx": 10,
      "setId": 1,
      "iconIdx": 400
    },
    {
      "icon": {
        "paths": [
          "M512 1024c-282.4 0-512-229.6-512-512s229.6-512 512-512c282.4 0 512 229.6 512 512s-229.6 512-512 512v0zM943.8 582c-15-4.8-135.4-40.6-272.4-18.6 57.2 157.2 80.4 285.2 85 311.8 98-66.4 168-171.4 187.4-293.2v0zM682.8 915.2c-6.6-38.4-31.8-172-93.2-331.6-1 0.4-2 0.6-2.8 1-246.8 86-335.4 257-343.2 273 74.2 57.8 167.4 92.4 268.4 92.4 60.6 0 118.4-12.4 170.8-34.8v0zM187 805c10-17 130-215.6 355.4-288.6 5.6-1.8 11.4-3.6 17.2-5.2-11-24.8-23-49.8-35.4-74.2-218.2 65.4-430.2 62.6-449.4 62.4-0.2 4.4-0.2 8.8-0.2 13.4 0 112.2 42.6 214.8 112.4 292.2v0zM84 423c19.6 0.2 199.8 1 404.4-53.2-72.4-128.8-150.6-237.2-162.2-253-122.4 57.8-214 170.6-242.2 306.2v0zM409.6 87.4c12 16.2 91.6 124.4 163.2 256 155.6-58.2 221.4-146.8 229.2-158-77.2-68.6-178.8-110.2-290-110.2-35.2 0.2-69.6 4.4-102.4 12.2v0zM850.6 236.2c-9.2 12.4-82.6 106.4-244.2 172.4 10.2 20.8 20 42 29 63.4 3.2 7.6 6.4 15 9.4 22.6 145.6-18.2 290.2 11 304.6 14-1-103.2-38-198-98.8-272.4v0z"
        ],
        "tags": [
          "dribbble",
          "brand",
          "social"
        ],
        "defaultCode": 60071,
        "grid": 16,
        "attrs": []
      },
      "attrs": [],
      "properties": {
        "ligatures": "dribbble, brand31",
        "name": "dribbble",
        "order": 3,
        "id": 424,
        "prevSize": 16,
        "code": 60071
      },
      "setIdx": 10,
      "setId": 1,
      "iconIdx": 423
    },
    {
      "icon": {
        "paths": [
          "M716.8 793.6v-179.2h-665.6v-204.8h665.6v-179.2l268.8 281.6-268.8 281.6z"
        ],
        "attrs": [],
        "isMulticolor": false,
        "isMulticolor2": false,
        "tags": [
          "arrow-long-right"
        ],
        "grid": 20
      },
      "attrs": [],
      "properties": {
        "id": 24,
        "order": 20,
        "prevSize": 20,
        "code": 59654,
        "name": "arrow-long-right"
      },
      "setIdx": 3,
      "setId": 8,
      "iconIdx": 23
    },
    {
      "icon": {
        "paths": [
          "M512 409.6c-84.838 0-153.6 68.813-153.6 153.6s68.762 153.6 153.6 153.6c84.787 0 153.6-68.813 153.6-153.6s-68.813-153.6-153.6-153.6zM921.6 256h-122.88c-16.896 0-35.123-13.107-40.397-29.184l-31.795-95.283c-5.376-16.026-23.501-29.133-40.448-29.133h-348.16c-16.896 0-35.123 13.107-40.397 29.082l-31.846 95.334c-5.325 16.077-23.501 29.184-40.397 29.184h-122.88c-56.32 0-102.4 46.080-102.4 102.4v460.8c0 56.32 46.080 102.4 102.4 102.4h819.2c56.32 0 102.4-46.080 102.4-102.4v-460.8c0-56.32-46.080-102.4-102.4-102.4zM512 819.2c-141.414 0-256-114.586-256-256s114.586-256 256-256c141.363 0 256 114.586 256 256s-114.637 256-256 256zM896 419.84c-19.814 0-35.84-16.077-35.84-35.891 0-19.712 16.026-35.84 35.84-35.84s35.84 16.077 35.84 35.84c0 19.814-16.026 35.891-35.84 35.891z"
        ],
        "attrs": [],
        "isMulticolor": false,
        "isMulticolor2": false,
        "tags": [
          "camera"
        ],
        "grid": 20
      },
      "attrs": [],
      "properties": {
        "id": 123,
        "order": 27,
        "prevSize": 20,
        "code": 59655,
        "name": "camera"
      },
      "setIdx": 3,
      "setId": 8,
      "iconIdx": 122
    },
    {
      "icon": {
        "paths": [
          "M489.728 379.955c-69.53-123.597-143.923-224.41-149.35-231.834-112.179 53.043-195.891 156.416-222.054 280.934 10.547 0.205 178.278 2.202 371.405-49.101zM539.802 515.123c5.222-1.69 10.547-3.277 15.821-4.813-10.086-22.886-21.094-45.824-32.614-68.403-207.155 62.054-405.914 57.549-412.928 57.344-0.154 4.301-0.358 8.499-0.358 12.8 0 103.373 39.066 197.683 103.219 268.902l-0.256-0.307c0 0 110.080-195.277 327.117-265.523zM264.755 829.133v-0.205c-2.97-2.304-6.144-4.403-9.114-6.912 5.427 4.352 9.114 7.117 9.114 7.117zM415.642 121.446c-0.358 0.102-0.768 0.205-0.768 0.205 0.307-0.102 0.717-0.102 0.717-0.102l0.051-0.102zM777.677 210.125c-70.861-62.362-163.789-100.403-265.677-100.403-32.717 0-64.41 3.994-94.822 11.315 6.144 8.192 81.664 108.493 150.426 234.701 151.654-56.781 208.947-143.974 210.074-145.613zM512 983.040c-260.096 0-470.989-210.893-470.989-470.989-0.051-260.198 210.842-471.091 470.989-471.091 260.198 0 471.040 210.893 471.040 471.091 0 260.096-210.842 470.989-471.040 470.989zM580.403 577.843c-236.083 82.278-314.061 247.706-315.648 251.085 68.301 53.299 153.907 85.299 247.194 85.299 55.706 0 108.8-11.315 157.030-31.795-5.939-35.277-29.338-158.515-85.965-305.51-0.819 0.307-1.69 0.614-2.611 0.922zM598.528 415.744c9.421 19.098 18.33 38.605 26.778 58.317 3.021 6.912 5.837 13.926 8.704 20.787 138.906-17.51 275.712 12.186 280.218 13.107-0.973-95.386-35.123-182.886-91.494-251.494-0.922 1.178-65.485 94.362-224.205 159.283zM658.483 558.336c52.787 145.203 74.189 263.27 78.285 287.283 90.317-60.979 154.522-157.696 172.39-269.824-7.987-2.56-120.627-38.246-250.675-17.459z"
        ],
        "attrs": [],
        "isMulticolor": false,
        "isMulticolor2": false,
        "tags": [
          "dribbble"
        ],
        "grid": 20
      },
      "attrs": [],
      "properties": {
        "id": 358,
        "order": 29,
        "prevSize": 20,
        "code": 59656,
        "name": "dribbble2"
      },
      "setIdx": 3,
      "setId": 8,
      "iconIdx": 357
    },
    {
      "icon": {
        "paths": [
          "M101.837 286.157c0 76.493 25.549 131.686 75.878 164.096 41.267 26.624 89.088 30.618 113.971 30.618 6.042 0 10.906-0.307 14.285-0.512 0 0-7.885 51.405 30.208 102.195h-1.741c-65.997 0-281.242 13.773-281.242 190.822 0 180.019 197.683 189.184 237.363 189.184 3.123 0 4.966-0.102 4.966-0.102 0.41 0 3.226 0.102 8.090 0.102 25.446 0 91.238-3.174 152.32-32.922 79.258-38.4 119.45-105.421 119.45-198.912 0-90.317-61.235-144.077-105.933-183.398-27.29-24.013-50.893-44.698-50.893-64.819 0-20.48 17.254-35.891 39.014-55.398 35.277-31.488 68.557-76.39 68.557-161.28 0-74.598-9.677-124.723-69.325-156.518 6.195-3.174 28.211-5.478 39.066-7.014 32.307-4.403 79.565-9.421 79.565-35.789v-5.069h-235.469c-2.355 0.102-238.131 8.806-238.131 224.717zM481.946 747.622c4.506 71.987-57.088 125.082-149.606 131.789-93.952 6.912-171.264-35.379-175.77-107.315-2.202-34.611 13.005-68.403 42.752-95.386 30.157-27.29 71.578-44.186 116.634-47.514 5.325-0.307 10.598-0.614 15.872-0.614 86.989 0.051 145.869 51.149 150.118 119.040zM420.454 236.851c23.091 81.306-11.776 166.195-67.379 181.914-6.4 1.792-12.954 2.662-19.661 2.662-50.893 0-101.325-51.507-120.064-122.522-10.445-39.731-9.574-74.65 2.406-108.134 11.725-33.024 32.922-55.194 59.546-62.72 6.4-1.792 13.005-2.714 19.712-2.714 61.44 0 100.966 25.498 125.44 111.514zM819.2 409.6v-153.6h-102.4v153.6h-153.6v102.4h153.6v153.6h102.4v-153.6h153.6v-102.4h-153.6z"
        ],
        "attrs": [],
        "isMulticolor": false,
        "isMulticolor2": false,
        "tags": [
          "google+"
        ],
        "grid": 20
      },
      "attrs": [],
      "properties": {
        "id": 366,
        "order": 17,
        "prevSize": 20,
        "code": 59657,
        "name": "google"
      },
      "setIdx": 3,
      "setId": 8,
      "iconIdx": 365
    },
    {
      "icon": {
        "paths": [
          "M870.4 51.2h-716.8c-56.32 0-102.4 46.080-102.4 102.4v716.8c0 56.371 46.080 102.4 102.4 102.4h716.8c56.32 0 102.4-46.029 102.4-102.4v-716.8c0-56.32-46.080-102.4-102.4-102.4zM511.181 794.778c156.621 0 283.546-127.027 283.546-283.597 0-17.306-2.202-33.997-5.274-50.381h80.947v369.459c0 19.558-15.872 35.328-35.482 35.328h-645.837c-19.61-0-35.482-15.77-35.482-35.328v-369.459h79.309c-3.123 16.384-5.325 33.075-5.325 50.381 0 156.621 127.027 283.597 283.597 283.597zM333.978 511.181c0-97.894 79.36-177.203 177.254-177.203 97.843 0 177.254 79.309 177.254 177.203s-79.411 177.254-177.254 177.254c-97.946 0-177.254-79.36-177.254-177.254zM834.918 307.2h-82.688c-19.558 0-35.43-15.974-35.43-35.43v-82.79c0-19.558 15.872-35.379 35.379-35.379h82.688c19.661 0 35.533 15.821 35.533 35.379v82.739c0 19.507-15.872 35.482-35.482 35.482z"
        ],
        "attrs": [],
        "isMulticolor": false,
        "isMulticolor2": false,
        "tags": [
          "instagram"
        ],
        "grid": 20
      },
      "attrs": [],
      "properties": {
        "id": 368,
        "order": 19,
        "prevSize": 20,
        "code": 59658,
        "name": "instagram"
      },
      "setIdx": 3,
      "setId": 8,
      "iconIdx": 367
    },
    {
      "icon": {
        "paths": [
          "M256 153.6c0 54.374-36.352 101.171-102.451 101.171-62.208 0-102.349-44.134-102.349-98.509 0-55.808 38.912-105.062 102.4-105.062s101.171 46.592 102.4 102.4zM51.2 972.8v-665.6h204.8v665.6h-204.8z",
          "M358.4 534.733c0-79.104-2.611-145.203-5.222-202.291h184.013l9.114 88.218h3.891c25.907-41.523 89.395-102.4 195.686-102.4 129.638 0 226.918 86.784 226.918 273.51v381.030h-204.8v-351.283c0-81.613-31.078-143.872-102.4-143.872-54.374 0-81.613 44.032-95.898 80.333-5.222 13.005-6.502 31.13-6.502 49.306v365.517h-204.8v-438.067z"
        ],
        "attrs": [
          {},
          {}
        ],
        "isMulticolor": false,
        "isMulticolor2": false,
        "tags": [
          "linkedin"
        ],
        "grid": 20
      },
      "attrs": [
        {},
        {}
      ],
      "properties": {
        "id": 372,
        "order": 28,
        "prevSize": 20,
        "code": 59659,
        "name": "linkedin"
      },
      "setIdx": 3,
      "setId": 8,
      "iconIdx": 371
    },
    {
      "icon": {
        "paths": [
          "M441.19 677.222c-26.931 141.005-59.75 276.173-157.082 346.778-30.003-213.094 44.083-373.094 78.541-542.976-58.726-98.816 7.066-297.574 130.816-248.576 152.32 60.211-131.891 367.206 58.88 405.606 199.219 39.987 280.525-345.6 156.979-470.989-178.432-181.146-519.475-4.25-477.491 255.078 10.189 63.386 75.674 82.586 26.163 170.086-114.227-25.293-148.326-115.405-143.923-235.52 7.066-196.608 176.589-334.182 346.675-353.28 215.091-24.115 416.973 79.002 444.877 281.293 31.386 228.403-97.075 475.802-327.117 457.984-62.362-4.864-88.474-35.789-137.318-65.485z"
        ],
        "attrs": [],
        "isMulticolor": false,
        "isMulticolor2": false,
        "tags": [
          "pinterest"
        ],
        "grid": 20
      },
      "attrs": [],
      "properties": {
        "id": 374,
        "order": 14,
        "prevSize": 20,
        "code": 59660,
        "name": "pinterest"
      },
      "setIdx": 3,
      "setId": 8,
      "iconIdx": 373
    },
    {
      "icon": {
        "paths": [
          "M886.579 319.795c0.41 8.294 0.563 16.691 0.563 24.986 0 255.488-194.406 549.99-549.888 549.99-109.21 0-210.739-32-296.294-86.886 15.155 1.792 30.515 2.714 46.080 2.714 90.624 0 173.926-30.925 240.026-82.688-84.531-1.587-155.955-57.395-180.531-134.195 11.776 2.202 23.91 3.379 36.352 3.379 17.664 0 34.765-2.304 50.944-6.707-88.422-17.818-155.034-95.898-155.034-189.594 0-0.819 0-1.587 0-2.406 26.061 14.49 55.91 23.194 87.552 24.218-51.866-34.714-86.016-93.798-86.016-160.922 0-35.379 9.523-68.608 26.214-97.178 95.283 116.992 237.773 193.894 398.387 201.984-3.277-14.182-4.966-28.877-4.966-44.083 0-106.701 86.477-193.178 193.229-193.178 55.603 0 105.83 23.398 141.107 60.979 43.981-8.704 85.35-24.781 122.726-46.899-14.438 45.107-45.107 82.995-84.992 106.906 39.117-4.71 76.288-15.002 111.002-30.413-25.907 38.81-58.675 72.806-96.461 99.994z"
        ],
        "attrs": [],
        "isMulticolor": false,
        "isMulticolor2": false,
        "tags": [
          "twitter"
        ],
        "grid": 20
      },
      "attrs": [],
      "properties": {
        "id": 381,
        "order": 15,
        "prevSize": 20,
        "code": 59661,
        "name": "twitter"
      },
      "setIdx": 3,
      "setId": 8,
      "iconIdx": 380
    },
    {
      "icon": {
        "paths": [
          "M968.192 299.008c-51.507 295.578-339.2 545.792-425.728 602.982-86.528 57.088-165.53-22.886-194.15-83.507-32.819-68.966-131.021-443.187-156.774-474.163-25.754-31.027-102.912 30.976-102.912 30.976l-37.427-49.971c0 0 156.723-190.72 276.019-214.579 126.464-25.242 126.259 197.837 156.672 321.638 29.389 119.91 49.203 188.416 74.906 188.416s74.854-66.816 128.614-169.216c53.914-102.605-2.304-193.126-107.571-128.717 42.138-257.382 439.859-319.283 388.352-23.859z"
        ],
        "attrs": [],
        "isMulticolor": false,
        "isMulticolor2": false,
        "tags": [
          "vimeo"
        ],
        "grid": 20
      },
      "attrs": [],
      "properties": {
        "id": 383,
        "order": 16,
        "prevSize": 20,
        "code": 59662,
        "name": "vimeo"
      },
      "setIdx": 3,
      "setId": 8,
      "iconIdx": 382
    },
    {
      "icon": {
        "paths": [
          "M512 117.76c-503.194 0-512 44.749-512 394.24s8.806 394.24 512 394.24 512-44.749 512-394.24-8.806-394.24-512-394.24zM676.096 529.101l-229.888 107.315c-20.122 9.318-36.608-1.126-36.608-23.347v-202.138c0-22.17 16.486-32.666 36.608-23.347l229.888 107.315c20.122 9.421 20.122 24.781 0 34.202z"
        ],
        "attrs": [],
        "isMulticolor": false,
        "isMulticolor2": false,
        "tags": [
          "youtube"
        ],
        "grid": 20
      },
      "attrs": [],
      "properties": {
        "id": 385,
        "order": 18,
        "prevSize": 20,
        "code": 59663,
        "name": "youtube"
      },
      "setIdx": 3,
      "setId": 8,
      "iconIdx": 384
    },
    {
      "icon": {
        "paths": [
          "M416 160v-32.067c0-35.189 28.724-63.933 64.156-63.933h31.688c35.551 0 64.156 28.624 64.156 63.933v32.067h64.142c17.624 0 31.858 14.312 31.858 31.967v32.067c0 17.801-14.264 31.967-31.858 31.967h-288.283c-17.624 0-31.858-14.312-31.858-31.967v-32.067c0-17.801 14.264-31.967 31.858-31.967h64.142zM384 128h-31.912c-35.343 0-64.004 28.521-64.088 64h-32.083c-35.301 0-63.918 28.472-63.918 64.115v671.77c0 35.41 28.51 64.115 63.918 64.115h480.165c35.301 0 63.918-28.472 63.918-64.115v-671.77c0-35.41-28.51-64.115-63.918-64.115h-32.083c-0.084-35.361-28.645-64-64.088-64h-31.912c-0.029-53.024-43.207-96-96.296-96h-31.408c-53.165 0-96.267 42.82-96.296 96v0 0zM704 224h32.001c17.448 0 31.999 14.371 31.999 32.098v671.803c0 18.053-14.326 32.098-31.999 32.098h-480.003c-17.448 0-31.999-14.371-31.999-32.098v-671.803c0-18.053 14.326-32.098 31.999-32.098h32.001c0.084 35.361 28.645 64 64.088 64h287.823c35.343 0 64.004-28.521 64.088-64v0 0zM496 160c8.837 0 16-7.163 16-16s-7.163-16-16-16c-8.837 0-16 7.163-16 16s7.163 16 16 16v0z"
        ],
        "attrs": [],
        "isMulticolor": false,
        "isMulticolor2": false,
        "tags": [
          "clipboard"
        ],
        "grid": 32
      },
      "attrs": [],
      "properties": {
        "id": 69,
        "order": 9,
        "prevSize": 32,
        "code": 59664,
        "name": "clipboard"
      },
      "setIdx": 9,
      "setId": 2,
      "iconIdx": 68
    }
  ],
  "height": 1024,
  "metadata": {
    "name": "icomoon"
  },
  "preferences": {
    "showGlyphs": true,
    "showQuickUse": false,
    "showQuickUse2": true,
    "showSVGs": true,
    "fontPref": {
      "prefix": "icon-",
      "metadata": {
        "fontFamily": "icomoon",
        "majorVersion": 1,
        "minorVersion": 0
      },
      "metrics": {
        "emSize": 1024,
        "baseline": 6.25,
        "whitespace": 50
      },
      "embed": false,
      "showSelector": true,
      "showMetadata": true,
      "showVersion": true,
      "showMetrics": true,
      "resetPoint": 59648,
      "cssVars": true,
      "cssVarsFormat": "scss"
    },
    "imagePref": {
      "prefix": "icon-",
      "png": true,
      "useClassSelector": true,
      "color": 0,
      "bgColor": 16777215,
      "classSelector": ".icon"
    },
    "historySize": 100,
    "showCodes": true,
    "gridSize": 16,
    "showLiga": true
  }
}